{
  "config": {
    "run_name": "paper",
    "seed_train": 0,
    "seed_eval": 777,
    "n_steps": 100,
    "T": 1.0,
    "K": 100.0,
    "vol_hat": 0.2,
    "gamma": 0.95,
    "eta_grid": [
      0.0,
      0.05,
      0.1,
      0.2
    ],
    "eta_grid_compare": [
      0.0,
      0.01,
      0.02,
      0.05,
      0.1,
      0.2
    ],
    "train_eta": 0.05,
    "train_lambdas": [
      0.001,
      0.001209,
      0.001463,
      0.00177,
      0.002141,
      0.00259,
      0.003133,
      0.003789,
      0.004582,
      0.005543,
      0.006704,
      0.008109,
      0.009809,
      0.011865,
      0.014352,
      0.017359,
      0.020996,
      0.025397,
      0.030719,
      0.037156,
      0.044942,
      0.054358,
      0.065747,
      0.079523,
      0.096186,
      0.116341,
      0.14072,
      0.170204,
      0.205863,
      0.248987,
      0.30113,
      0.364169,
      0.440351,
      0.532427,
      0.643727,
      0.77822,
      0.940624,
      1.136583,
      1.373011,
      1.658431,
      2.003398,
      2.420973,
      2.927301,
      3.542251,
      4.289169,
      5.195027,
      6.291007,
      7.613573,
      9.205997,
      11.119431
    ],
    "n_paths_train": 2500,
    "n_paths_eval": 6000,
    "n_paths_compare": 15000,
    "beta_grid": [
      0.0,
      0.01,
      0.03,
      0.06,
      0.1,
      0.2,
      0.4,
      0.6,
      0.8,
      1.0
    ],
    "beta_grid_curves": [
      0.0,
      0.2,
      0.6
    ],
    "representations": [
      "greeks",
      "micro",
      "combined"
    ],
    "stress_eta": 0.1,
    "smoke": {
      "seed": 2,
      "n_paths_train": 1500,
      "n_paths_eval": 3000,
      "beta_greeks": 0.0,
      "beta_micro": 0.0
    },
    "semantic_flip": {
      "seeds": [
        0,
        1,
        2,
        3,
        4,
        5,
        6,
        7,
        8,
        9
      ],
      "n_paths": 5000,
      "n_steps": 100,
      "T": 1.0
    }
  },
  "run_id": "417a4aa7",
  "results": [
    {
      "representation": "greeks",
      "beta": 0.0,
      "R0": 14.567272165941269,
      "R_stress": 24.121011878981456,
      "info_cost": 14.936137691410952,
      "turnover": 0.028916826562653958,
      "exec_cost": 0.00012267280411678555
    },
    {
      "representation": "micro",
      "beta": 0.0,
      "R0": 26.2020988958304,
      "R_stress": 42.90030762041275,
      "info_cost": 4.104785823008223,
      "turnover": 0.17967445140601027,
      "exec_cost": 0.003422574648213534
    }
  ]
}