{
  "config": {
    "run_name": "paper",
    "seed_train": 0,
    "seed_eval": 777,
    "n_steps": 100,
    "T": 1.0,
    "K": 100.0,
    "vol_hat": 0.2,
    "gamma": 0.95,
    "eta_grid": [
      0.0,
      0.05,
      0.1,
      0.2
    ],
    "eta_grid_compare": [
      0.0,
      0.01,
      0.02,
      0.05,
      0.1,
      0.2
    ],
    "train_eta": 0.05,
    "train_lambdas": [
      0.001,
      0.001209,
      0.001463,
      0.00177,
      0.002141,
      0.00259,
      0.003133,
      0.003789,
      0.004582,
      0.005543,
      0.006704,
      0.008109,
      0.009809,
      0.011865,
      0.014352,
      0.017359,
      0.020996,
      0.025397,
      0.030719,
      0.037156,
      0.044942,
      0.054358,
      0.065747,
      0.079523,
      0.096186,
      0.116341,
      0.14072,
      0.170204,
      0.205863,
      0.248987,
      0.30113,
      0.364169,
      0.440351,
      0.532427,
      0.643727,
      0.77822,
      0.940624,
      1.136583,
      1.373011,
      1.658431,
      2.003398,
      2.420973,
      2.927301,
      3.542251,
      4.289169,
      5.195027,
      6.291007,
      7.613573,
      9.205997,
      11.119431
    ],
    "n_paths_train": 2500,
    "n_paths_eval": 6000,
    "n_paths_compare": 15000,
    "beta_grid": [
      0.0,
      0.01,
      0.03,
      0.06,
      0.1,
      0.2,
      0.4,
      0.6,
      0.8,
      1.0
    ],
    "beta_grid_curves": [
      0.0,
      0.2,
      0.6
    ],
    "representations": [
      "greeks",
      "micro",
      "combined"
    ],
    "stress_eta": 0.1,
    "smoke": {
      "seed": 2,
      "n_paths_train": 1500,
      "n_paths_eval": 3000,
      "beta_greeks": 0.0,
      "beta_micro": 0.0
    },
    "semantic_flip": {
      "seeds": [
        0,
        1,
        2,
        3,
        4,
        5,
        6,
        7,
        8,
        9
      ],
      "n_paths": 5000,
      "n_steps": 100,
      "T": 1.0
    }
  },
  "run_id": "417a4aa7",
  "results": [
    {
      "representation": "greeks",
      "beta": 0.0,
      "etas": [
        0.0,
        0.05,
        0.1,
        0.2
      ],
      "R_eta": [
        14.811637603484227,
        22.27538077238406,
        26.11367721364632,
        31.30591331857476
      ],
      "info_cost": 16.07914154395951,
      "turnover": 0.029754907604703704,
      "exec_cost": 0.00013070404555684764
    },
    {
      "representation": "greeks",
      "beta": 0.2,
      "etas": [
        0.0,
        0.05,
        0.1,
        0.2
      ],
      "R_eta": [
        14.79439847778415,
        22.188545025992614,
        26.066004293065415,
        31.345651930762294
      ],
      "info_cost": 15.585491965615837,
      "turnover": 0.029294590713050815,
      "exec_cost": 0.00012669126932743577
    },
    {
      "representation": "greeks",
      "beta": 0.6,
      "etas": [
        0.0,
        0.05,
        0.1,
        0.2
      ],
      "R_eta": [
        14.855084253363952,
        22.12677864422865,
        26.020990666859632,
        31.486604683078987
      ],
      "info_cost": 14.529438630226565,
      "turnover": 0.02828470114293337,
      "exec_cost": 0.00011810682824382363
    },
    {
      "representation": "micro",
      "beta": 0.0,
      "etas": [
        0.0,
        0.05,
        0.1,
        0.2
      ],
      "R_eta": [
        26.42780406330194,
        36.618198771489716,
        41.43342813515693,
        48.44219310422259
      ],
      "info_cost": 4.363436649844414,
      "turnover": 0.1847260662606942,
      "exec_cost": 0.003727754975074947
    },
    {
      "representation": "micro",
      "beta": 0.2,
      "etas": [
        0.0,
        0.05,
        0.1,
        0.2
      ],
      "R_eta": [
        26.454150567951952,
        36.76722062773099,
        41.63557058566113,
        48.72197175054582
      ],
      "info_cost": 4.1953201786828584,
      "turnover": 0.18113250777846937,
      "exec_cost": 0.0035841303365032203
    },
    {
      "representation": "micro",
      "beta": 0.6,
      "etas": [
        0.0,
        0.05,
        0.1,
        0.2
      ],
      "R_eta": [
        26.53516110179873,
        37.156962646226724,
        42.16772930919562,
        49.28645475049733
      ],
      "info_cost": 3.857582958509426,
      "turnover": 0.17368866684435644,
      "exec_cost": 0.0032955959302997085
    },
    {
      "representation": "combined",
      "beta": 0.0,
      "etas": [
        0.0,
        0.05,
        0.1,
        0.2
      ],
      "R_eta": [
        14.89932808401499,
        22.47011791702158,
        26.350611994742692,
        31.600736941462443
      ],
      "info_cost": 16.42928100260951,
      "turnover": 0.03100945251399791,
      "exec_cost": 0.00013906182277741088
    },
    {
      "representation": "combined",
      "beta": 0.2,
      "etas": [
        0.0,
        0.05,
        0.1,
        0.2
      ],
      "R_eta": [
        14.696896174773185,
        21.975001321178834,
        25.787898437509277,
        30.972446178113078
      ],
      "info_cost": 15.248440453728959,
      "turnover": 0.029093372158957752,
      "exec_cost": 0.00012005806264400033
    },
    {
      "representation": "combined",
      "beta": 0.6,
      "etas": [
        0.0,
        0.05,
        0.1,
        0.2
      ],
      "R_eta": [
        14.537039472542938,
        21.425004567647505,
        25.10260582851653,
        30.267036913736504
      ],
      "info_cost": 13.655326145890983,
      "turnover": 0.030564130909281437,
      "exec_cost": 0.00011138058453034106
    }
  ]
}