{
  "n_trials": 10,
  "flip_rate": 1.0,
  "corr_regime0_mean": -0.558775837406496,
  "corr_regime1_mean": 0.8300916395615847,
  "corr_regime0": [
    -0.5587327185142553,
    -0.5618616650151304,
    -0.5591386373017598,
    -0.5587646544941396,
    -0.5583349633349636,
    -0.5607820553049274,
    -0.5564411635423647,
    -0.5569530062650119,
    -0.5585929169320115,
    -0.5581565933603948
  ],
  "corr_regime1": [
    0.8308230698968709,
    0.829261861692931,
    0.8254735190292418,
    0.8309643206186762,
    0.8314224093184006,
    0.8259420043108383,
    0.8322092669032802,
    0.8221070118462657,
    0.8341439924180178,
    0.8385689395813244
  ]
}