{
  "n_trials": 2,
  "corr_regime0": [
    -0.5751286965575335,
    -0.5673951274194412
  ],
  "corr_regime1": [
    0.8762111790675836,
    0.8744026587024527
  ]
}