{
  "results": [
    {
      "representation": "greeks",
      "beta": 0.0,
      "etas": [
        0.0,
        0.1,
        0.2
      ],
      "R_eta_mean": [
        23.95259726902133,
        29.760596002846846,
        30.5422925262582
      ],
      "R_eta_std": [
        1.5518102293823617,
        4.234454318838841,
        4.415899296543088
      ]
    },
    {
      "representation": "greeks",
      "beta": 1.0,
      "etas": [
        0.0,
        0.1,
        0.2
      ],
      "R_eta_mean": [
        24.183052403101065,
        30.173928735156863,
        30.990697153178324
      ],
      "R_eta_std": [
        1.575108167040396,
        4.26379419141338,
        4.3954315833569755
      ]
    },
    {
      "representation": "micro",
      "beta": 0.0,
      "etas": [
        0.0,
        0.1,
        0.2
      ],
      "R_eta_mean": [
        32.41793580968847,
        50.220723806273895,
        54.7083448345598
      ],
      "R_eta_std": [
        4.43708835617687,
        13.276670597419308,
        16.803803619410353
      ]
    },
    {
      "representation": "micro",
      "beta": 1.0,
      "etas": [
        0.0,
        0.1,
        0.2
      ],
      "R_eta_mean": [
        32.56529886544058,
        50.3638284711733,
        54.78609192837344
      ],
      "R_eta_std": [
        4.451757163827455,
        13.266724684705643,
        16.708159345202215
      ]
    }
  ]
}